{
  "roc_auc_ovr": 0.9974006311408801,
  "classification_report": {
    "0": {
      "precision": 0.9297520661157025,
      "recall": 0.9297520661157025,
      "f1-score": 0.9297520661157025,
      "support": 968.0
    },
    "1": {
      "precision": 0.8761384335154827,
      "recall": 0.8761384335154827,
      "f1-score": 0.8761384335154827,
      "support": 549.0
    },
    "accuracy": 0.9103493737640079,
    "macro avg": {
      "precision": 0.9029452498155925,
      "recall": 0.9029452498155925,
      "f1-score": 0.9029452498155925,
      "support": 1517.0
    },
    "weighted avg": {
      "precision": 0.9103493737640079,
      "recall": 0.9103493737640079,
      "f1-score": 0.9103493737640079,
      "support": 1517.0
    }
  },
  "n_classes": 2,
  "classes": [
    "FALSE POSITIVE",
    "PLANET"
  ],
  "label_col": "koi_disposition",
  "binary": "auto",
  "balance": "class",
  "features_used": [
    "koi_period_log",
    "koi_duration",
    "koi_depth_log",
    "koi_prad_log",
    "koi_steff",
    "koi_slogg",
    "koi_srad_log",
    "koi_kepmag",
    "koi_depth_missing",
    "koi_prad_missing",
    "koi_srad_missing",
    "koi_steff_missing",
    "koi_slogg_missing"
  ],
  "pr_auc": 0.9953105395867499
}